[
  {
    "precio": 1600,
    "id": 1,
    "title": "Par Amortiguadores Tras Gas Honda City 1.5l 2010-2013",
    "thumbnailUrl": "https://optimoautopartes.com.mx/imgcat/SANH0550big.jpg"
  },
  {
    "precio": 1300,
    "id": 2,
    "title": "Par Bieletas Int Der/izq Chevrolet Trax 1.4l 2015 A 2020",
    "thumbnailUrl": "https://optimoautopartes.com.mx/imgcat/DBNC0900big.jpg"
  },
  {
    "precio": 1100,
    "id": 3,
    "title": "Disco Freno Del Ventilado Jetta A4 1.8l Turbo 1999-2007",
    "thumbnailUrl": "https://optimoautopartes.com.mx/imgcat/BDNV0110big.jpg"
  },
    {
      "precio": 50,
      "id": 4,
      "title": "Sandía",
      "thumbnailUrl": "https://picsum.photos/id/30/600"
    },
    {
      "precio": 10,
      "id": 5,
      "title": "Mango",
      "thumbnailUrl": "https://picsum.photos/id/40/600"
    },
    {
      "precio": 150,
      "id": 6,
      "title": "Chela",
      "thumbnailUrl": "https://picsum.photos/id/50/600"
    },
    {
      "precio": 400,
      "id": 1,
      "title": "Amor",
      "thumbnailUrl": "https://picsum.photos/id/0/600"
    },
    {
      "precio": 300,
      "id": 2,
      "title": "Pi",
      "thumbnailUrl": "https://picsum.photos/id/10/600"
    },
    {
      "precio": 100,
      "id": 3,
      "title": "gua",
      "thumbnailUrl": "https://picsum.photos/id/20/600"
    },
    {
      "precio": 50,
      "id": 4,
      "title": "San",
      "thumbnailUrl": "https://picsum.photos/id/30/600"
    },
    {
      "precio": 10,
      "id": 5,
      "title": "Man",
      "thumbnailUrl": "https://picsum.photos/id/40/600"
    },
    {
      "precio": 150,
      "id": 6,
      "title": "Che",
      "thumbnailUrl": "https://picsum.photos/id/50/600"
    }
  ]