[{"id":"ef9df130-ef36-4741-9658-3df9cb0aa38e","codigo":"SANH0550","cantidad":"2","precio":"338","factura":"XXX0000","fecha":"Fri Jul 23 2021 04:40:24 GMT-0500 (hora de verano central)", "comentario":" "},
    {"id":"497dc928-30cb-45d3-af2f-56804f208158","codigo":"DBNC0900","cantidad":"2","precio":"79","factura":"XXX0000","fecha":"Fri Jul 23 2021 04:40:24 GMT-0500 (hora de verano central)", "comentario":" "},
    {"id":"22b81ca3-6095-4b6d-971b-b742133dfc49","codigo":"DNNC1900","cantidad":"1","precio":"998","factura":"XXX0000","fecha":"Fri Jul 23 2021 04:40:24 GMT-0500 (hora de verano central)", "comentario":" "},
    {"id":"854b8d3c-8371-4c12-b674-9b959a95101d","codigo":"EGNC0114","cantidad":"1","precio":"198","factura":"XXX0000","fecha":"Fri Jul 23 2021 04:40:24 GMT-0500 (hora de verano central)", "comentario":" "},
    {"id":"519a303a-38d2-4d46-8b0f-8534183a6b7f","codigo":"BRNT0400","cantidad":"3","precio":"85","factura":"XXX0000","fecha":"Fri Jul 23 2021 04:40:24 GMT-0500 (hora de verano central)", "comentario":" "},
    {"id":"dc65d763-135d-4ae6-aa03-54b8bd12e55d","codigo":"IARN1300","cantidad":"1","precio":"22","factura":"XXX0000","fecha":"Fri Jul 23 2021 04:40:24 GMT-0500 (hora de verano central)", "comentario":" "},
    {"id":"49c08292-1351-4a74-8ea9-b22344bd26ca","codigo":"BDNV0110","cantidad":"1","precio":"338","factura":"XXX0000","fecha":"Fri Jul 23 2021 04:40:24 GMT-0500 (hora de verano central)", "comentario":" "},
    {"id":"ed9d5450-8d3a-484c-8168-1b39b6b07252","codigo":"EFNT0400","cantidad":"1","precio":"168","factura":"XXX0000","fecha":"Fri Jul 23 2021 04:40:24 GMT-0500 (hora de verano central)", "comentario":" "},
    {"id":"bdf379d2-446e-4648-bdf5-df429ee4f3e0","codigo":"EFNG0100","cantidad":"1","precio":"148","factura":"XXX0000","fecha":"Fri Jul 23 2021 04:40:24 GMT-0500 (hora de verano central)", "comentario":" "},
    {"id":"5d686889-68d6-4629-9b2e-e2afaa708852","codigo":"EFNK0100","cantidad":"2","precio":"148","factura":"XXX0000","fecha":"Fri Jul 23 2021 04:40:24 GMT-0500 (hora de verano central)", "comentario":" "},
    {"id":"55516d4f-8fa3-40e3-a2b9-ffb718a6a032","codigo":"AANT1600","cantidad":"1","precio":"49","factura":"XXX0000","fecha":"Fri Jul 23 2021 04:40:24 GMT-0500 (hora de verano central)", "comentario":" "},
    {"id":"18c41420-6cda-4a1e-ab55-05938a6ea438","codigo":"AANC0800","cantidad":"1","precio":"45","factura":"XXX0000","fecha":"Fri Jul 23 2021 04:40:24 GMT-0500 (hora de verano central)", "comentario":" "},
    {"id":"55a4f3a8-e55d-40d5-a9f6-a10eacdc9d05","codigo":"AANN0120","cantidad":"1","precio":"26","factura":"XXX0000","fecha":"Fri Jul 23 2021 04:40:24 GMT-0500 (hora de verano central)", "comentario":" "},
    {"id":"a64947b1-cfe8-4875-8e6f-1b9fce7d1997","codigo":"ABNN0900","cantidad":"1","precio":"55","factura":"XXX0000","fecha":"Fri Jul 23 2021 04:40:24 GMT-0500 (hora de verano central)", "comentario":" "},
    {"id":"7f082604-04d4-410f-8c38-0efc53fcf3c6","codigo":"AANZ0510","cantidad":"2","precio":"59","factura":"XXX0000","fecha":"Fri Jul 23 2021 04:40:24 GMT-0500 (hora de verano central)", "comentario":" "},
    {"id":"7a33475f-db56-45d2-b83b-f09b2dd788c8","codigo":"ABNV0600","cantidad":"2","precio":"55","factura":"XXX0000","fecha":"Fri Jul 23 2021 04:40:24 GMT-0500 (hora de verano central)", "comentario":" "},
    {"id":"30905aa0-5309-439b-9183-bc4d50c25b40","codigo":"DTNC0802","cantidad":"1","precio":"75","factura":"XXX0000","fecha":"Fri Jul 23 2021 04:40:24 GMT-0500 (hora de verano central)", "comentario":" "},
    {"id":"7921d055-846a-4abe-a675-fccedf3c71f8","codigo":"DTNC0801","cantidad":"1","precio":"75","factura":"XXX0000","fecha":"Fri Jul 23 2021 04:40:24 GMT-0500 (hora de verano central)", "comentario":" "},
    {"id":"a23efd2c-6082-488e-b693-a934e94f72a8","codigo":"BONP0100","cantidad":"1","precio":"228","factura":"XXX0000","fecha":"Fri Jul 23 2021 04:40:24 GMT-0500 (hora de verano central)", "comentario":" "},
    {"id":"bf4644de-c243-4b15-a01a-e3419085128e","codigo":"AGNT0400","cantidad":"2","precio":"158","factura":"XXX0000","fecha":"Fri Jul 23 2021 04:40:24 GMT-0500 (hora de verano central)", "comentario":" "},
    {"id":"56802dfd-fe48-4da3-b956-3db3dba33d83","codigo":"AGND0300","cantidad":"1","precio":"85","factura":"XXX0000","fecha":"Fri Jul 23 2021 04:40:24 GMT-0500 (hora de verano central)", "comentario":" "},
    {"id":"4cbe1443-0e8d-4a4a-bc95-8ac1c1ae9b13","codigo":"AGNN1300","cantidad":"1","precio":"118","factura":"XXX0000","fecha":"Fri Jul 23 2021 04:40:24 GMT-0500 (hora de verano central)", "comentario":" "},
    {"id":"5696b3f4-8c4d-47da-a4ce-7df2958c3bee","codigo":"AGNC9900","cantidad":"3","precio":"33","factura":"XXX0000","fecha":"Fri Jul 23 2021 04:40:24 GMT-0500 (hora de verano central)", "comentario":" "},
    {"id":"def12000-87b8-4591-a31a-8236cf0c85df","codigo":"0562000","cantidad":"1","precio":"187","factura":"XXX0000","fecha":"Fri Jul 23 2021 04:40:24 GMT-0500 (hora de verano central)", "comentario":" "},
    {"id":"470089ea-cb59-432d-b67e-7f0ab946c08b","codigo":"DNNC2900","cantidad":"1","precio":"1480","factura":"XXX0000","fecha":"Fri Jul 23 2021 04:40:24 GMT-0500 (hora de verano central)", "comentario":" "},
    {"id":"e85f9183-735a-44a9-8681-9d1369edf372","codigo":"MBNN0400","cantidad":"1","precio":"558","factura":"XXX0000","fecha":"Fri Jul 23 2021 04:40:24 GMT-0500 (hora de verano central)", "comentario":" "},
    {"id":"35986707-5a7b-48c9-b223-19521d1f2df3","codigo":"ACNN0110","cantidad":"2","precio":"26","factura":"XXX0000","fecha":"Fri Jul 23 2021 04:40:24 GMT-0500 (hora de verano central)", "comentario":" "},
    {"id":"63f367f2-5843-4a05-b548-ba07bbd675ad","codigo":"SHND0401","cantidad":"1","precio":"658","factura":"XXX0000","fecha":"Fri Jul 23 2021 04:40:24 GMT-0500 (hora de verano central)", "comentario":" "},
    {"id":"7c46925b-f81b-48d6-8804-af5d52640158","codigo":"MDNN0100","cantidad":"1","precio":"45","factura":"XXX0000","fecha":"Fri Jul 23 2021 04:40:24 GMT-0500 (hora de verano central)", "comentario":" "},
    {"id":"de6cf829-0e3c-4bb4-82b4-5f9c407eb19b","codigo":"ACNC0100","cantidad":"1","precio":"25","factura":"XXX0000","fecha":"Fri Jul 23 2021 04:40:24 GMT-0500 (hora de verano central)", "comentario":" "},
    {"id":"aa9cbf65-2e75-4561-b394-dc3021f98dec","codigo":"AGNC0100","cantidad":"1","precio":"25","factura":"XXX0000","fecha":"Fri Jul 23 2021 04:40:24 GMT-0500 (hora de verano central)", "comentario":" "},
    {"id":"2b79416b-09b3-41ac-9548-2aadeb8c7326","codigo":"AANC0200","cantidad":"2","precio":"49","factura":"XXX0000","fecha":"Fri Jul 23 2021 04:40:24 GMT-0500 (hora de verano central)", "comentario":" "},
    {"id":"2f50101d-1ae8-45c2-9402-92aace57b9d6","codigo":"ACNN0110","cantidad":"1","precio":"26","factura":"XXX0000","fecha":"Fri Jul 23 2021 04:40:24 GMT-0500 (hora de verano central)", "comentario":" "},
    {"id":"776de56b-548c-48b4-9fe0-74ffd260c660","codigo":"HYRN0110","cantidad":"2","precio":"99","factura":"XXX0000","fecha":"Fri Jul 23 2021 04:40:24 GMT-0500 (hora de verano central)", "comentario":" "},
    {"id":"dc1ea1b6-8c23-47f3-aa87-2e72d8859f5f","codigo":"HYRN0130","cantidad":"2","precio":"99","factura":"XXX0000","fecha":"Fri Jul 23 2021 04:40:24 GMT-0500 (hora de verano central)", "comentario":" "},
    {"id":"2077bcfe-7453-49f3-81a2-34b69b9eb3ef","codigo":"HYRN1210","cantidad":"1","precio":"99","factura":"XXX0000","fecha":"Fri Jul 23 2021 04:40:24 GMT-0500 (hora de verano central)", "comentario":" "},
    {"id":"3a27e476-3803-4291-b571-e7b4f29d286c","codigo":"HYRN0530","cantidad":"1","precio":"99","factura":"XXX0000","fecha":"Fri Jul 23 2021 04:40:24 GMT-0500 (hora de verano central)", "comentario":" "}]