[{"id":"5662d74b-d6ca-4f07-ae5b-f395f78a1924","codigo":"FER","cantidad":"43","factura":"FDG","fecha":"2021-04-09T23:12:13.085Z","comentario":"      "},{"id":"d75d2f7b-8c38-4a41-92f7-8f4e3581df02","codigo":"GUZMAN","cantidad":"3","factura":"DFSFSD","fecha":"2021-04-09T23:12:59.153Z","comentario":"      "},{"id":"87d783d7-bd0f-43c0-b824-9d391f6afa61","codigo":"FERNANDO GAMEZ","cantidad":"43","factura":"FDG","fecha":"2021-04-09T23:13:28.080Z","comentario":"      "},{"id":"7459032e-0f50-47b7-82eb-0d99b143f8a3","codigo":"res render","cantidad":"2","factura":"jkh34","fecha":"2021-04-09T23:19:30.690Z","comentario":"      "},{"id":"3212bb37-5429-423d-82f3-7bf7e20b5ad7","codigo":"39000","cantidad":"4","factura":"FF44","fecha":"2021-04-10T10:33:46.339Z","comentario":"      "},{"id":"2b8ff4c6-b178-41cb-bbbb-f008565b5b18","codigo":"Firefox","cantidad":"3","factura":"POP92384","fecha":"2021-04-16T22:08:43.181Z","comentario":"      "}]