[{"id":"9cb7c34b-4f1a-4287-80dd-b3a214eedc4c","codigo":"DNNC1900","cantidad":"1","precio":"998","factura":"XXX0000","fecha":"Mon Jul 19 2021 10:17:06 GMT-0500 (hora de verano central)","comentario":" "},{"id":"3b8d9bcb-fa6f-49f3-a5ca-8e2467da29a2","codigo":"EGNC0114","cantidad":"1","precio":"198","factura":"XXX0000","fecha":"Mon Jul 19 2021 10:17:06 GMT-0500 (hora de verano central)","comentario":" "},{"id":"96d1adf0-1e82-4771-b969-edec0a971b4a","codigo":"BRNT0400","cantidad":"3","precio":"85","factura":"XXX0000","fecha":"Mon Jul 19 2021 10:17:06 GMT-0500 (hora de verano central)","comentario":" "},{"id":"865643dd-a873-4bb6-bf69-f444ef7e5e67","codigo":"IARN1300","cantidad":"1","precio":"22","factura":"XXX0000","fecha":"Mon Jul 19 2021 10:17:06 GMT-0500 (hora de verano central)","comentario":" "},{"id":"bea2329c-12ff-4a42-be4a-72e102ba5f52","codigo":"BDNV0110","cantidad":"1","precio":"338","factura":"XXX0000","fecha":"Mon Jul 19 2021 10:17:06 GMT-0500 (hora de verano central)","comentario":" "},{"id":"5714b278-f429-497c-9ff7-97fb896d579d","codigo":"EFNT0400","cantidad":"1","precio":"168","factura":"XXX0000","fecha":"Mon Jul 19 2021 10:17:06 GMT-0500 (hora de verano central)","comentario":" "},{"id":"da01fb65-219e-45a6-b483-f00e4050fde3","codigo":"EFNG0100","cantidad":"1","precio":"148","factura":"XXX0000","fecha":"Mon Jul 19 2021 10:17:06 GMT-0500 (hora de verano central)","comentario":" "},{"id":"5b6f0997-3ce5-4f31-9b50-9efa8228881c","codigo":"EFNK0100","cantidad":"2","precio":"148","factura":"XXX0000","fecha":"Mon Jul 19 2021 10:17:06 GMT-0500 (hora de verano central)","comentario":" "},{"id":"a1e859d4-ce99-4768-a9d7-d0520479cace","codigo":"AANT1600","cantidad":"1","precio":"49","factura":"XXX0000","fecha":"Mon Jul 19 2021 10:17:06 GMT-0500 (hora de verano central)","comentario":" "},{"id":"e353895c-5616-45b3-b7dc-24e60d019ea2","codigo":"AANC0800","cantidad":"1","precio":"45","factura":"XXX0000","fecha":"Mon Jul 19 2021 10:17:06 GMT-0500 (hora de verano central)","comentario":" "},{"id":"141d3c07-0509-41fb-be3f-318ad2d90ba7","codigo":"AANN0120","cantidad":"1","precio":"26","factura":"XXX0000","fecha":"Mon Jul 19 2021 10:17:06 GMT-0500 (hora de verano central)","comentario":" "},{"id":"52893f3a-dcb9-401d-a222-abfa370d71de","codigo":"ABNN0900","cantidad":"1","precio":"55","factura":"XXX0000","fecha":"Mon Jul 19 2021 10:17:06 GMT-0500 (hora de verano central)","comentario":" "},{"id":"cf5d8133-f734-4eef-aae9-580240f4acf3","codigo":"ABNT0400","cantidad":"3","precio":"55","factura":"XXX0000","fecha":"Mon Jul 19 2021 10:17:06 GMT-0500 (hora de verano central)","comentario":" "},{"id":"bcc31964-bfc3-42b8-a335-39495166d92b","codigo":"AANZ0510","cantidad":"2","precio":"59","factura":"XXX0000","fecha":"Mon Jul 19 2021 10:17:06 GMT-0500 (hora de verano central)","comentario":" "},{"id":"ec0aeb6a-2491-4685-9a76-c7abf0882283","codigo":"ABNV0600","cantidad":"2","precio":"55","factura":"XXX0000","fecha":"Mon Jul 19 2021 10:17:06 GMT-0500 (hora de verano central)","comentario":" "},{"id":"ea01cf71-4d42-4062-8f54-e188812f1b9f","codigo":"DTNC0802","cantidad":"1","precio":"75","factura":"XXX0000","fecha":"Mon Jul 19 2021 10:17:06 GMT-0500 (hora de verano central)","comentario":" "},{"id":"e3d0b7db-0049-4cdf-8138-bdf00802d639","codigo":"DTNC0801","cantidad":"1","precio":"75","factura":"XXX0000","fecha":"Mon Jul 19 2021 10:17:06 GMT-0500 (hora de verano central)","comentario":" "},{"id":"4a19b640-7cec-4909-8eb5-666263dd0547","codigo":"MMTN0200","cantidad":"1","precio":"298","factura":"XXX0000","fecha":"Mon Jul 19 2021 10:17:06 GMT-0500 (hora de verano central)","comentario":" "},{"id":"b7157637-12b3-46a8-bbc7-c54cbacf38af","codigo":"BONP0100","cantidad":"1","precio":"228","factura":"XXX0000","fecha":"Mon Jul 19 2021 10:17:06 GMT-0500 (hora de verano central)","comentario":" "},{"id":"fc1325ad-3723-46e5-b31a-1b7b43091260","codigo":"AGNT0400","cantidad":"2","precio":"158","factura":"XXX0000","fecha":"Mon Jul 19 2021 10:17:06 GMT-0500 (hora de verano central)","comentario":" "},{"id":"14a7679a-4e21-4f2e-8b16-6788dd54543e","codigo":"AGND0300","cantidad":"1","precio":"85","factura":"XXX0000","fecha":"Mon Jul 19 2021 10:17:06 GMT-0500 (hora de verano central)","comentario":" "},{"id":"3a5d031b-392d-4bec-8f8e-f122db79b8d1","codigo":"AGNN1300","cantidad":"1","precio":"118","factura":"XXX0000","fecha":"Mon Jul 19 2021 10:17:06 GMT-0500 (hora de verano central)","comentario":" "},{"id":"366b4706-0848-46e3-b462-a36be3dfed6e","codigo":"AGNC9900","cantidad":"3","precio":"33","factura":"XXX0000","fecha":"Mon Jul 19 2021 10:17:06 GMT-0500 (hora de verano central)","comentario":" "},{"id":"d2d9e2e6-4ff8-4fbf-9d5b-d8d36d964dac","codigo":"0562000","cantidad":"1","precio":"187","factura":"XXX0000","fecha":"Mon Jul 19 2021 10:17:06 GMT-0500 (hora de verano central)","comentario":" "},{"id":"31931823-a0d8-47a2-a91e-355ab56cec5d","codigo":"DNNC2900","cantidad":"1","precio":"1480","factura":"XXX0000","fecha":"Mon Jul 19 2021 10:17:06 GMT-0500 (hora de verano central)","comentario":" "},{"id":"94a160a9-5d23-45f1-bed4-8040815e88e1","codigo":"0045900","cantidad":"1","precio":"4921","factura":"XXX0000","fecha":"Mon Jul 19 2021 10:17:06 GMT-0500 (hora de verano central)","comentario":" "},{"id":"bf169bae-4ae8-4c90-a09b-a8bb19414714","codigo":"MBNN0400","cantidad":"1","precio":"558","factura":"XXX0000","fecha":"Mon Jul 19 2021 10:17:06 GMT-0500 (hora de verano central)","comentario":" "},{"id":"0f18da3e-88f1-4c95-aa8a-b31024db13f6","codigo":"ACNN0110","cantidad":"2","precio":"26","factura":"XXX0000","fecha":"Mon Jul 19 2021 10:17:06 GMT-0500 (hora de verano central)","comentario":" "},{"id":"ff7bc2fd-fa4d-423b-b0a5-f2ef9915086d","codigo":"SHND0402","cantidad":"1","precio":"658","factura":"XXX0000","fecha":"Mon Jul 19 2021 10:17:06 GMT-0500 (hora de verano central)","comentario":" "},{"id":"db36727d-8931-4a49-9ee6-5d692d368990","codigo":"SHND0401","cantidad":"1","precio":"658","factura":"XXX0000","fecha":"Mon Jul 19 2021 10:17:06 GMT-0500 (hora de verano central)","comentario":" "},{"id":"564d66f0-4ca6-4581-96a4-5782495f7e64","codigo":"DDNT0702","cantidad":"1","precio":"1480","factura":"XXX0000","fecha":"Mon Jul 19 2021 10:17:06 GMT-0500 (hora de verano central)","comentario":" "},{"id":"53bb1076-22d1-4316-866d-d9401c0e609e","codigo":"MDNN0100","cantidad":"1","precio":"45","factura":"XXX0000","fecha":"Mon Jul 19 2021 10:17:06 GMT-0500 (hora de verano central)","comentario":" "},{"id":"d8a6025d-2f5b-4cf9-a981-f328f666cc0a","codigo":"ACNN0110","cantidad":"1","precio":"26","factura":"XXX0000","fecha":"Mon Jul 19 2021 10:17:06 GMT-0500 (hora de verano central)","comentario":" "},{"id":"3f0ab54a-d722-4611-9e79-8726e79eee35","codigo":"HYRN0110","cantidad":"2","precio":"99","factura":"XXX0000","fecha":"Mon Jul 19 2021 10:17:06 GMT-0500 (hora de verano central)","comentario":" "},{"id":"c75f178d-e7f8-4996-bc0b-a0fc2c1a62ab","codigo":"HYRN0130","cantidad":"2","precio":"99","factura":"XXX0000","fecha":"Mon Jul 19 2021 10:17:06 GMT-0500 (hora de verano central)","comentario":" "},{"id":"e10a8012-2a29-4aa1-982c-7836b37fe747","codigo":"HYRN1210","cantidad":"1","precio":"99","factura":"XXX0000","fecha":"Mon Jul 19 2021 10:17:06 GMT-0500 (hora de verano central)","comentario":" "},{"id":"73e07d16-e592-4e6b-af45-5247a4224b5f","codigo":"HYRN0530","cantidad":"1","precio":"99","factura":"XXX0000","fecha":"Mon Jul 19 2021 10:17:06 GMT-0500 (hora de verano central)","comentario":" "},{"id":"de07b003-d73b-45c2-8fb3-b57ee6352779","codigo":"HYRN0530","cantidad":"2","precio":"34","factura":"POP92384","fecha":"2021-07-20T00:45:08.384Z","comentario":"      "},{"id":"274b2ffe-5280-4b91-8677-a25cb90242f8","codigo":"HYRN0530","cantidad":"2","precio":"34","factura":"POP92384","fecha":"2021-07-20T00:45:31.408Z","comentario":"      "},{"id":"4365cc30-1614-4488-8baa-ee3d58140317","codigo":"ABNT0400","cantidad":"5","precio":"78","factura":"432423","fecha":"2021-07-20T00:47:53.062Z","comentario":"      dfd"}]