[{"id":"782481e2-24bb-4686-af62-ecf32c18143f","codigo":"IFRN0712","descripcion":"CHICOTE FRENO MANO TRAS IZQ 2/4WD (SENCILLA/DOBLE CABINA)","cantidad":"4","comentario":"      dfsd"},{"id":"210aaa21-5921-4c15-89f8-ee8a12ecb59f","codigo":"IFRN0712","descripcion":"CHICOTE FRENO MANO TRAS IZQ 2/4WD (SENCILLA/DOBLE CABINA)","cantidad":"4","comentario":"      dfsd"},{"id":"6fa2f9bb-4baf-44a8-b0ec-20ca7027e2b7","codigo":"IFRN0712","descripcion":"CHICOTE FRENO MANO TRAS IZQ 2/4WD (SENCILLA/DOBLE CABINA)","cantidad":"4","comentario":"      dfsd"},{"id":"9978a66c-61a3-456d-a128-8b6bad930f76","codigo":"IFRN0712","descripcion":"CHICOTE FRENO MANO TRAS IZQ 2/4WD (SENCILLA/DOBLE CABINA)","cantidad":"1","comentario":"      Devolución "},{"id":"f85405bc-4140-4316-aeec-1be713a09ab6","codigo":"HMRG0151","descripcion":"MANIJA INT DEL/TRAS DER NEGRA POROSA","cantidad":"1","comentario":"   Ok   "},{"id":"0dcc8d6f-2615-4f53-a9f4-b7a995b27a22","codigo":"HMRG0151","descripcion":"MANIJA INT DEL/TRAS DER NEGRA POROSA","cantidad":"2","comentario":"    Ok  "},{"id":"0aaf3b89-2838-4acb-a279-d4872a553289","codigo":"HMRG0151","descripcion":"MANIJA INT DEL/TRAS DER NEGRA POROSA","cantidad":"2","comentario":"    Ok  "},{"id":"cab02f43-e399-4248-aad8-345b54cf1ca1","codigo":"HMRG0151","descripcion":"MANIJA INT DEL/TRAS DER NEGRA POROSA","cantidad":"2","comentario":"      Ok"},{"id":"4653e7c4-098c-44e8-b60f-5b6995ef0f44","codigo":"HMRG0151","descripcion":"MANIJA INT DEL/TRAS DER NEGRA POROSA","cantidad":"2","comentario":"      Ok"},{"id":"aca21f8b-f6d6-49f1-90c1-16df02a46ab6","codigo":"HMRG0151","descripcion":"MANIJA INT DEL/TRAS DER NEGRA POROSA","cantidad":"2","comentario":"      Ok"},{"id":"4735506b-c048-438f-b9f8-aed7963a7639","codigo":"HMRG0151","descripcion":"MANIJA INT DEL/TRAS DER NEGRA POROSA","cantidad":"2","comentario":"      Ok"},{"id":"fa71ecfe-d154-4cb6-b8ef-8d4fe2dd37e6","codigo":"GRRK0102","descripcion":"RETEN BOMBA ACEITE CHICO 30*46*7","cantidad":"1","comentario":"     Dgd "},{"id":"2ef92ca0-0af0-4caa-a0ee-fc51fc219108","codigo":"HMRG0151","descripcion":"MANIJA INT DEL/TRAS DER NEGRA POROSA","cantidad":"5","comentario":"     Edg "},{"id":"1eb0d99d-85c8-4686-a6ad-f8b1e29d0c2e","codigo":"HMRG0151","descripcion":"MANIJA INT DEL/TRAS DER NEGRA POROSA","cantidad":"5","comentario":"     Edg "},{"id":"c6ad44b0-eaa1-489d-9799-41601cbe009a","codigo":"HMRG0151","descripcion":"MANIJA INT DEL/TRAS DER NEGRA POROSA","cantidad":"5","comentario":"     Edg "},{"id":"d9609af6-d7a5-4b73-8a82-7c111459967f","codigo":"HMRG0151","descripcion":"MANIJA INT DEL/TRAS DER NEGRA POROSA","cantidad":"5","comentario":"     Edg "},{"id":"0757801f-3fd8-4905-8c00-64f80fc8a0ca","codigo":"ABNT0400","descripcion":"FILTRO DE CABINA (YARIS 1.5L 06-16/COROLLA 1.8L 14-16/CAMRY 2.5L-3.5L)","cantidad":"1","comentario":"     Ok "}]