[
  { "modelname": "Fiesta" },
  { "modelname": "Focus" },
  { "modelname": "Sentra" },
  { "modelname": "Ranger" },
  { "modelname": "Dakota" },
  { "modelname": "Raider" },
  { "modelname": "D-21" },
  { "modelname": "Frontier" },
  { "modelname": "Hilux" },
  { "modelname": "Pointer" },
  { "modelname": "Saveiro" },
  { "modelname": "S-10" },
  { "modelname": "silverado" },
  { "modelname": "Suburban" },
  { "modelname": "Tornado" },
  { "modelname": "Ram" },
  { "modelname": "Cheyenne" },
  { "modelname": "Custom" },
  { "modelname": "Sierra" },
  { "modelname": "F-150" },
  { "modelname": "Lobo" },
  { "modelname": "Chevy" },
  { "modelname": "Ridgeline" },
  { "modelname": "Tundra" },
  { "modelname": "Element" },
  { "modelname": "Avalanche" },
  { "modelname": "Escalade" },
  { "modelname": "Titan" },
  { "modelname": "Colorado" },
  { "modelname": "SSR" },
  { "modelname": "Tacoma" },
  { "modelname": "Super Duty" },
  { "modelname": "Aztek" },
  { "modelname": "L-200" },
  { "modelname": "Amarok" },
  { "modelname": "Ram 700" },
  { "modelname": "Strada" },
  { "modelname": "F-250" },
  { "modelname": "Canyon" },
  { "modelname": "NP300" },
  { "modelname": "H2" },
  { "modelname": "Courier" }
]
