[
  { "makeid": 1, "modelid": 4, "yearid": "1983" },
  { "makeid": 1, "modelid": 4, "yearid": "1984" },
  { "makeid": 1, "modelid": 4, "yearid": "1985" },
  { "makeid": 1, "modelid": 4, "yearid": "1986" },
  { "makeid": 1, "modelid": 4, "yearid": "1987" },
  { "makeid": 1, "modelid": 4, "yearid": "1988" },
  { "makeid": 1, "modelid": 4, "yearid": "1989" },
  { "makeid": 1, "modelid": 4, "yearid": "1990" },
  { "makeid": 1, "modelid": 4, "yearid": "1991" },
  { "makeid": 1, "modelid": 4, "yearid": "1992" },
  { "makeid": 3, "modelid": 5, "yearid": "1988" },
  { "makeid": 3, "modelid": 5, "yearid": "1987" },
  { "makeid": 4, "modelid": 6, "yearid": "2006" },
  { "makeid": 4, "modelid": 6, "yearid": "2007" },
  { "makeid": 3, "modelid": 5, "yearid": "1989" },
  { "makeid": 3, "modelid": 5, "yearid": "1990" },
  { "makeid": 3, "modelid": 5, "yearid": "1991" },
  { "makeid": 3, "modelid": 5, "yearid": "1992" },
  { "makeid": 3, "modelid": 5, "yearid": "1993" },
  { "makeid": 3, "modelid": 5, "yearid": "1994" },
  { "makeid": 3, "modelid": 5, "yearid": "1995" },
  { "makeid": 3, "modelid": 5, "yearid": "1996" },
  { "makeid": 3, "modelid": 5, "yearid": "1997" },
  { "makeid": 3, "modelid": 5, "yearid": "1998" },
  { "makeid": 3, "modelid": 5, "yearid": "1999" },
  { "makeid": 3, "modelid": 5, "yearid": "2000" },
  { "makeid": 3, "modelid": 5, "yearid": "2001" },
  { "makeid": 3, "modelid": 5, "yearid": "2002" },
  { "makeid": 3, "modelid": 5, "yearid": "2003" },
  { "makeid": 3, "modelid": 5, "yearid": "2004" },
  { "makeid": 3, "modelid": 5, "yearid": "2005" },
  { "makeid": 3, "modelid": 5, "yearid": "2006" },
  { "makeid": 3, "modelid": 5, "yearid": "2007" },
  { "makeid": 3, "modelid": 5, "yearid": "2008" },
  { "makeid": 3, "modelid": 5, "yearid": "2009" },
  { "makeid": 3, "modelid": 5, "yearid": "2010" },
  { "makeid": 4, "modelid": 6, "yearid": "2008" },
  { "makeid": 4, "modelid": 6, "yearid": "2009" },
  { "makeid": 2, "modelid": 8, "yearid": "1986" },
  { "makeid": 2, "modelid": 8, "yearid": "1987" },
  { "makeid": 2, "modelid": 8, "yearid": "1988" },
  { "makeid": 2, "modelid": 8, "yearid": "1989" },
  { "makeid": 2, "modelid": 8, "yearid": "1990" },
  { "makeid": 2, "modelid": 8, "yearid": "1991" },
  { "makeid": 2, "modelid": 8, "yearid": "1992" },
  { "makeid": 2, "modelid": 8, "yearid": "1993" },
  { "makeid": 2, "modelid": 8, "yearid": "1994" },
  { "makeid": 2, "modelid": 8, "yearid": "1995" },
  { "makeid": 2, "modelid": 8, "yearid": "1996" },
  { "makeid": 2, "modelid": 8, "yearid": "1997" },
  { "makeid": 2, "modelid": 8, "yearid": "1998" },
  { "makeid": 2, "modelid": 8, "yearid": "1999" },
  { "makeid": 2, "modelid": 8, "yearid": "2000" },
  { "makeid": 2, "modelid": 8, "yearid": "2001" },
  { "makeid": 2, "modelid": 8, "yearid": "2002" },
  { "makeid": 2, "modelid": 8, "yearid": "2003" },
  { "makeid": 2, "modelid": 8, "yearid": "2004" },
  { "makeid": 2, "modelid": 8, "yearid": "2005" },
  { "makeid": 2, "modelid": 8, "yearid": "2006" },
  { "makeid": 2, "modelid": 8, "yearid": "2007" },
  { "makeid": 2, "modelid": 9, "yearid": "1998" },
  { "makeid": 2, "modelid": 9, "yearid": "1999" },
  { "makeid": 2, "modelid": 9, "yearid": "2000" },
  { "makeid": 2, "modelid": 9, "yearid": "2001" },
  { "makeid": 2, "modelid": 9, "yearid": "2002" },
  { "makeid": 2, "modelid": 9, "yearid": "2003" },
  { "makeid": 2, "modelid": 9, "yearid": "2004" },
  { "makeid": 5, "modelid": 10, "yearid": "2006" },
  { "makeid": 5, "modelid": 10, "yearid": "2007" },
  { "makeid": 5, "modelid": 10, "yearid": "2008" },
  { "makeid": 5, "modelid": 10, "yearid": "2009" },
  { "makeid": 5, "modelid": 10, "yearid": "2010" },
  { "makeid": 6, "modelid": 11, "yearid": "1997" },
  { "makeid": 6, "modelid": 11, "yearid": "1998" },
  { "makeid": 6, "modelid": 11, "yearid": "1999" },
  { "makeid": 6, "modelid": 11, "yearid": "2000" },
  { "makeid": 6, "modelid": 11, "yearid": "2001" },
  { "makeid": 6, "modelid": 11, "yearid": "2002" },
  { "makeid": 6, "modelid": 11, "yearid": "2003" },
  { "makeid": 6, "modelid": 11, "yearid": "2004" },
  { "makeid": 6, "modelid": 11, "yearid": "2005" },
  { "makeid": 6, "modelid": 11, "yearid": "2006" },
  { "makeid": 6, "modelid": 12, "yearid": "2011" },
  { "makeid": 6, "modelid": 12, "yearid": "2012" },
  { "makeid": 6, "modelid": 12, "yearid": "2013" },
  { "makeid": 6, "modelid": 12, "yearid": "2014" },
  { "makeid": 6, "modelid": 12, "yearid": "2015" },
  { "makeid": 6, "modelid": 12, "yearid": "2016" },
  { "makeid": 7, "modelid": 13, "yearid": "1994" },
  { "makeid": 7, "modelid": 13, "yearid": "1995" },
  { "makeid": 7, "modelid": 13, "yearid": "1996" },
  { "makeid": 7, "modelid": 13, "yearid": "1997" },
  { "makeid": 7, "modelid": 13, "yearid": "1998" },
  { "makeid": 7, "modelid": 13, "yearid": "1999" },
  { "makeid": 7, "modelid": 13, "yearid": "2000" },
  { "makeid": 7, "modelid": 13, "yearid": "2001" },
  { "makeid": 7, "modelid": 13, "yearid": "2002" },
  { "makeid": 7, "modelid": 13, "yearid": "2003" },
  { "makeid": 8, "modelid": 14, "yearid": "1994" },
  { "makeid": 8, "modelid": 14, "yearid": "1995" }
]
