[
  { "yearid": 1940 },
  { "yearid": 1941 },
  { "yearid": 1942 },
  { "yearid": 1943 },
  { "yearid": 1944 },
  { "yearid": 1945 },
  { "yearid": 1946 },
  { "yearid": 1947 },
  { "yearid": 1948 },
  { "yearid": 1949 },
  { "yearid": 1950 },
  { "yearid": 1951 },
  { "yearid": 1952 },
  { "yearid": 1953 },
  { "yearid": 1954 },
  { "yearid": 1955 },
  { "yearid": 1956 },
  { "yearid": 1957 },
  { "yearid": 1958 },
  { "yearid": 1959 },
  { "yearid": 1960 },
  { "yearid": 1961 },
  { "yearid": 1962 },
  { "yearid": 1963 },
  { "yearid": 1964 },
  { "yearid": 1965 },
  { "yearid": 1966 },
  { "yearid": 1967 },
  { "yearid": 1968 },
  { "yearid": 1969 },
  { "yearid": 1970 },
  { "yearid": 1971 },
  { "yearid": 1972 },
  { "yearid": 1973 },
  { "yearid": 1974 },
  { "yearid": 1975 },
  { "yearid": 1976 },
  { "yearid": 1977 },
  { "yearid": 1978 },
  { "yearid": 1979 },
  { "yearid": 1980 },
  { "yearid": 1981 },
  { "yearid": 1982 },
  { "yearid": 1983 },
  { "yearid": 1984 },
  { "yearid": 1985 },
  { "yearid": 1986 },
  { "yearid": 1987 },
  { "yearid": 1988 },
  { "yearid": 1989 },
  { "yearid": 1990 },
  { "yearid": 1991 },
  { "yearid": 1992 },
  { "yearid": 1993 },
  { "yearid": 1994 },
  { "yearid": 1995 },
  { "yearid": 1996 },
  { "yearid": 1997 },
  { "yearid": 1998 },
  { "yearid": 1999 },
  { "yearid": 2000 },
  { "yearid": 2001 },
  { "yearid": 2002 },
  { "yearid": 2003 },
  { "yearid": 2004 },
  { "yearid": 2005 },
  { "yearid": 2006 },
  { "yearid": 2007 },
  { "yearid": 2008 },
  { "yearid": 2009 },
  { "yearid": 2010 },
  { "yearid": 2011 },
  { "yearid": 2012 },
  { "yearid": 2013 },
  { "yearid": 2014 },
  { "yearid": 2015 },
  { "yearid": 2016 },
  { "yearid": 2017 },
  { "yearid": 2018 },
  { "yearid": 2019 },
  { "yearid": 2020 },
  { "yearid": 2021 },
  { "yearid": 2022 }
]
